x,Od poczatku,Od konca
-2.995897899999875,1.608713162681852E-16,1.7752466163756253E-16
-2.9917957999997498,1.6353585152728557E-16,1.751931932858497E-16
-2.9876936999996246,1.7419399256368706E-16,1.794120407794253E-16
-2.9835915999994995,1.6786572132332367E-16,1.7041923427996152E-16
-2.9794894999993744,1.7419399256368706E-16,1.7641443861293737E-16
-2.9753873999992493,1.7685852782278743E-16,1.7563728249569977E-16
-2.971285299999124,1.650901637617608E-16,1.7708057242771247E-16
-2.967183199998999,1.6786572132332367E-16,1.7330581414398693E-16
-2.963081099998874,1.6830981053317373E-16,1.716404796070492E-16
-2.958978999998749,1.6908696665041133E-16,1.6731060981101108E-16
-2.9548768999986237,1.6731060981101108E-16,1.7674750552032493E-16
-2.9507747999984986,1.6686652060116102E-16,1.7530421558831221E-16
-2.9466726999983734,1.6842083283563624E-16,1.758593271006248E-16
-2.9425705999982483,1.7463808177353712E-16,1.7996715229173787E-16
-2.938468499998123,1.6664447599623598E-16,1.7708057242771247E-16
-2.934366399997998,1.688649220454863E-16,1.751931932858497E-16
-2.930264299997873,1.7574830479816228E-16,1.801891968966629E-16
-2.926162199997748,1.6775469902086114E-16,1.736388810513745E-16
-2.9220600999976227,1.7386092565629952E-16,1.7696955012524996E-16
-2.9179579999974976,1.724176357242868E-16,1.7441603716861209E-16
-2.9138558999973725,1.645350522494482E-16,1.7319479184152443E-16
-2.9097537999972474,1.6964207816272392E-16,1.8107737531636303E-16
-2.9056516999971223,1.723066134218243E-16,1.773026170326375E-16
-2.901549599996997,1.6919798895287386E-16,1.765254609153999E-16
-2.897447499996872,1.7419399256368706E-16,1.779687508474126E-16
-2.893345399996747,1.6853185513809876E-16,1.80855330711438E-16
-2.8892432999966218,1.6686652060116102E-16,1.6975310046518643E-16
-2.8851411999964967,1.5909495942878494E-16,1.7008616737257399E-16
-2.8810390999963715,1.6486811915683576E-16,1.8385293287792591E-16
-2.8769369999962464,1.674216321134736E-16,1.8118839761882554E-16
-2.8728348999961213,1.709743457922741E-16,1.8351986597053838E-16
-2.868732799995996,1.694200335577989E-16,1.6997514507011146E-16
-2.864630699995871,1.6364687382974807E-16,1.7674750552032493E-16
-2.860528599995746,1.6842083283563624E-16,1.7619239400801234E-16
-2.856426499995621,1.6697754290362354E-16,1.7863488466218769E-16
-2.8523243999954957,1.716404796070492E-16,1.7807977314987512E-16
-2.8482222999953706,1.6853185513809876E-16,1.7452705947107462E-16
-2.8441201999952455,1.6486811915683576E-16,1.7852386235972518E-16
-2.8400180999951203,1.6897594434794883E-16,1.7563728249569977E-16
-2.835915999994995,1.7064127888488655E-16,1.8030021919912543E-16
-2.83181389999487,1.717515019095117E-16,1.7963408538435034E-16
-2.827711799994745,1.674216321134736E-16,1.7497114868092468E-16
-2.82360969999462,1.3933298959045713E-16,1.5132339825640884E-16
-2.8195075999944947,1.340039190722564E-16,1.4854784069484595E-16
-2.8154054999943696,1.4011014570769476E-16,1.5154544286133387E-16
-2.8113033999942445,1.4499512701604545E-16,1.5365486660812165E-16
-2.8072012999941194,1.3278267374516872E-16,1.3655743202889425E-16
-2.8030991999939943,1.3600232051658169E-16,1.1890488593735426E-16
-2.798997099993869,1.4377388168895776E-16,1.1157741397482822E-16
-2.794894999993744,1.3711254354120684E-16,1.1601830607332885E-16
-2.790792899993619,1.3566925360919413E-16,1.141309269314661E-16
-2.786690799993494,1.3511414209688156E-16,1.135758154191535E-16
-2.7825886999933687,1.376676550535194E-16,1.1435297153639113E-16
-2.7784865999932435,1.4011014570769476E-16,1.191269305422793E-16
-2.7743844999931184,1.504352198367087E-16,1.206812427767545E-16
-2.7702823999929933,1.425526363618701E-16,1.1302070390684094E-16
-2.766180299992868,1.361133428190442E-16,1.2012613126444195E-16
-2.762078199992743,1.3988810110276973E-16,1.1579626146840382E-16
-2.757976099992618,1.3677947663381928E-16,1.1579626146840382E-16
-2.753873999992493,1.3888890038060707E-16,1.1612932837579138E-16
-2.7497718999923677,1.2867484855405565E-16,1.1934897514720432E-16
-2.7456697999922426,1.291189377639057E-16,1.2145839889399213E-16
-2.7415676999921175,1.2578826869003024E-16,1.1335377081422847E-16
-2.7374655999919923,1.3078427230084343E-16,1.2156942119645464E-16
-2.7333634999918672,1.2401191185062998E-16,1.1823875212257917E-16
-2.729261399991742,1.249000902703301E-16,1.2279066652354232E-16
-2.725159299991617,1.2967404927621828E-16,1.2079226507921704E-16
-2.721057199991492,1.3522516439934406E-16,1.1524114995609125E-16
-2.7169550999913668,1.2967404927621828E-16,1.127986593019159E-16
-2.7128529999912416,1.262323578998803E-16,1.1679546219056647E-16
-2.7087508999911165,1.2534417948018017E-16,1.1557421686347879E-16
-2.7046487999909914,1.2789769243681802E-16,1.1612932837579138E-16
-2.7005466999908663,1.2967404927621828E-16,1.1068923555512811E-16
-2.696444599990741,1.2734258092450546E-16,1.1335377081422847E-16
-2.692342499990616,1.2578826869003024E-16,1.141309269314661E-16
-2.688240399990491,1.3034018309099337E-16,1.1501910535116622E-16
-2.684138299990366,1.2168044349891717E-16,1.1102230246251565E-16
-2.6800361999902407,1.213473765915296E-16,1.1313172620930344E-16
-2.6759340999901156,1.206812427767545E-16,1.0813572259849024E-16
-2.6718319999899904,1.2245759961615476E-16,1.1390888232654106E-16
-2.6677298999898653,1.2245759961615476E-16,1.0824674490095276E-16
-2.66362779998974,1.3067324999838093E-16,1.1302070390684094E-16
-2.659525699989615,1.3378187446733137E-16,1.1224354778960331E-16
-2.65542359998949,1.2745360322696796E-16,1.135758154191535E-16
-2.651321499989365,1.3244960683778118E-16,1.0957901253050295E-16
-2.6472193999892397,1.2501111257279261E-16,1.1035616864774056E-16
-2.6431172999891146,1.2678746941219287E-16,1.1313172620930344E-16
-2.6390151999889895,1.3000711618360584E-16,1.1723955140041654E-16
-2.6349130999888644,1.318944953254686E-16,1.1102230246251565E-16
-2.6308109999887392,1.1723955140041654E-16,1.0935696792557792E-16
-2.626708899988614,1.1091128016005314E-16,8.715250743307479E-17
-2.622606799988489,1.0802470029602773E-16,8.548717289613706E-17
-2.618504699988364,1.1313172620930344E-16,9.070522111187528E-17
-2.6144025999882388,1.1235457009206584E-16,8.826273045769995E-17
-2.6103004999881136,1.170175067954915E-16,9.303668946358811E-17
-2.6061983999879885,1.1879386363489176E-16,8.85957973650875E-17
-2.6020962999878634,1.1535217225855376E-16,8.85957973650875E-17
-2.5979941999877383,1.0524914273446483E-16,8.837375276016247E-17
-2.593892099987613,1.1024514634527804E-16,9.00390872971002E-17
-2.589789999987488,1.0691447727140257E-16,8.826273045769995E-17
-2.585687899987363,1.0602629885170245E-16,9.092726571680032E-17
-2.581585799987238,1.0791367799356521E-16,8.404388296412435E-17
-2.5774836999871127,1.0480505352461477E-16,8.681944052568724E-17
-2.5733815999869876,1.0846878950587779E-16,9.08162434143378E-17
-2.5692794999868624,1.1146639167236572E-16,8.981704269217517E-17
-2.5651773999867373,1.0980105713542798E-16,9.170442183403793E-17
-2.561075299986612,1.0769163338864018E-16,9.114931032172535E-17
-2.556973199986487,1.0480505352461477E-16,9.015010959956272E-17
-2.552871099986362,1.0602629885170245E-16,8.992806499463769E-17
-2.548768999986237,1.0669243266647754E-16,8.493206138382448E-17
-2.5446668999861117,1.078026556911027E-16,8.58202398035246E-17
-2.5405647999859866,1.0957901253050295E-16,9.026113190202522E-17
-2.5364626999858615,1.0835776720341528E-16,9.037215420448774E-17
-2.5323605999857364,1.1302070390684094E-16,9.070522111187528E-17
-2.5282584999856113,1.0857981180834031E-16,9.114931032172535E-17
-2.524156399985486,1.1535217225855376E-16,9.126033262418786E-17
-2.520054299985361,1.1080025785759062E-16,9.703349235223868E-17
-2.515952199985236,1.1302070390684094E-16,9.114931032172535E-17
-2.5118500999851108,1.1124434706744069E-16,8.604228440844963E-17
-2.5077479999849857,1.1324274851176597E-16,9.181544413650044E-17
-2.5036458999848605,1.121325254871408E-16,8.870681966755001E-17
-2.4995437999847354,1.270095140171179E-16,9.259260025373805E-17
-2.4954416999846103,1.1646239528317891E-16,9.29256671611256E-17
-2.491339599984485,1.149080830487037E-16,9.514611321037591E-17
-2.48723749998436,1.1046719095020308E-16,8.881784197001253E-17
-2.483135399984235,1.1313172620930344E-16,9.570122472268849E-17
-2.47903329998411,1.1513012765362872E-16,9.037215420448774E-17
-2.4749311999839847,1.1535217225855376E-16,9.214851104388799E-17
-2.4708290999838596,1.1024514634527804E-16,9.059419880941277E-17
-2.4667269999837345,1.1546319456101628E-16,8.903988657493756E-17
-2.4626248999836093,1.099120794378905E-16,9.314771176605063E-17
-2.458522799983484,1.1657341758564144E-16,8.926193117986259E-17
-2.454420699983359,1.1335377081422847E-16,9.08162434143378E-17
-2.450318599983234,1.13464793116691E-16,9.137135492665038E-17
-2.446216499983109,1.1690648449302898E-16,9.29256671611256E-17
-2.4421143999829837,1.1590728377086635E-16,9.725553695716371E-17
-2.4380122999828586,1.099120794378905E-16,9.514611321037591E-17
-2.4339101999827335,1.1179945857975325E-16,9.314771176605063E-17
-2.4298080999826084,1.13464793116691E-16,9.43689570931383E-17
-2.4257059999824833,1.1457501614131616E-16,9.015010959956272E-17
-2.421603899982358,1.170175067954915E-16,9.525713551283843E-17
-2.417501799982233,1.1080025785759062E-16,9.092726571680032E-17
-2.413399699982108,1.1157741397482822E-16,8.85957973650875E-17
-2.409297599981983,1.1557421686347879E-16,8.937295348232511E-17
-2.4051954999818577,1.13464793116691E-16,8.981704269217517E-17
-2.4010933999817325,1.1668443988810395E-16,8.970602038971265E-17
-2.3969912999816074,1.0746958878371515E-16,8.781864124784989E-17
-2.3928891999814823,1.0902390101819037E-16,8.915090887740008E-17
-2.388787099981357,1.1113332476497816E-16,9.037215420448774E-17
-2.384684999981232,1.1113332476497816E-16,9.048317650695025E-17
-2.380582899981107,1.1179945857975325E-16,9.29256671611256E-17
-2.376480799980982,1.1102230246251565E-16,8.382183835919932E-17
-2.3723786999808567,9.969802761133906E-17,7.73825448163734E-17
-2.3682765999807316,9.636735853746359E-17,7.482903185973556E-17
-2.3641744999806065,1.013633621482768E-16,7.793765632868598E-17
-2.3600723999804814,9.381384558082572E-17,7.704947790898586E-17
-2.3559702999803562,1.0103029524088925E-16,7.849276784099856E-17
-2.351868199980231,9.992007221626409E-17,7.849276784099856E-17
-2.347766099980106,9.936496070395151E-17,7.749356711883592E-17
-2.343663999979981,9.614531393253856E-17,7.716050021144837E-17
-2.3395618999798558,1.0014211682118912E-16,7.904787935331114E-17
-2.3354597999797306,9.9253938401489E-17,7.427392034742298E-17
-2.3313576999796055,1.0047518372857667E-16,7.94919685631612E-17
-2.3272555999794804,9.980904991380158E-17,7.416289804496046E-17
-2.3231534999793553,9.736655925962623E-17,7.605027718682323E-17
-2.31905139997923,1.0524914273446483E-16,7.505107646466059E-17
-2.314949299979105,9.814371537686384E-17,7.716050021144837E-17
-2.31084719997898,9.137135492665038E-17,8.681944052568724E-17
-2.306745099978855,1.0091927293842673E-16,8.115730310009894E-17
-2.3026429999787297,1.0114131754335176E-16,8.1601392309949E-17
-2.2985408999786046,9.303668946358811E-17,8.293365993949919E-17
-2.2944387999784794,9.692247004977617E-17,8.404388296412435E-17
-2.2903366999783543,9.836575998178887E-17,8.315570454442422E-17
-2.286234599978229,9.459100169806333E-17,8.471001677889945E-17
-2.282132499978104,9.348077867343818E-17,8.426592756904938E-17
-2.278030399977979,9.825473767932635E-17,7.938094626069869E-17
-2.273928299977854,1.0025313912365164E-16,8.382183835919932E-17
-2.2698261999777287,9.9253938401489E-17,8.515410598874951E-17
-2.2657240999776036,9.880984919163893E-17,8.482103908136196E-17
-2.2616219999774785,9.781064846947629E-17,7.960299086562372E-17
-2.2575198999773534,1.0091927293842673E-16,8.359979375427429E-17
-2.2534177999772282,9.9253938401489E-17,8.415490526658687E-17
-2.249315699977103,9.814371537686384E-17,8.393286066166184E-17
-2.245213599976978,9.525713551283843E-17,8.737455203799982E-17
-2.241111499976853,9.725553695716371E-17,8.448797217397441E-17
-2.2370093999767278,1.0402789740737717E-16,8.593126210598712E-17
-2.2329072999766026,1.0447198661722722E-16,8.537615059367454E-17
-2.2288051999764775,1.050270981295398E-16,9.026113190202522E-17
-2.2247030999763524,9.514611321037591E-17,8.637535131583718E-17
-2.2206009999762273,9.658940314238862E-17,8.748557434046234E-17
-2.216498899976102,9.314771176605063E-17,8.293365993949919E-17
-2.212396799975977,9.958700530887654E-17,8.348877145181177E-17
-2.208294699975852,9.514611321037591E-17,7.782663402622347E-17
-2.204192599975727,1.0202949596305189E-16,7.838174553853605E-17
-2.2000904999756017,9.725553695716371E-17,7.460698725481052E-17
-2.1959883999754766,9.636735853746359E-17,7.616129948928574E-17
-2.1918862999753514,9.026113190202522E-17,7.527312106958562E-17
-2.1877841999752263,8.670841822322473E-17,7.183142969324763E-17
-2.183682099975101,8.770761894538737E-17,7.926992395823617E-17
-2.179579999974976,9.103828801926283E-17,7.593925488436071E-17
-2.175477899974851,8.926193117986259E-17,8.004708007547378E-17
-2.171375799974726,9.314771176605063E-17,7.716050021144837E-17
-2.1672736999746007,9.14823772291129E-17,7.749356711883592E-17
-2.1631715999744756,9.314771176605063E-17,7.671641100159831E-17
-2.1590694999743505,1.0047518372857667E-16,8.115730310009894E-17
-2.1549673999742254,1.0236256287043944E-16,8.071321389024888E-17
-2.1508652999741003,8.959499808725014E-17,7.316369732279782E-17
-2.146763199973975,9.581224702515101E-17,7.915890165577366E-17
-2.14266109997385,9.22595333463505E-17,8.060219158778636E-17
-2.138558999973725,9.159339953157541E-17,8.770761894538737E-17
-2.1344568999735998,9.281464485866308E-17,8.415490526658687E-17
-2.1303547999734747,9.103828801926283E-17,7.960299086562372E-17
-2.1262526999733495,9.814371537686384E-17,8.537615059367454E-17
-2.1221505999732244,9.170442183403793E-17,8.637535131583718E-17
-2.1180484999730993,8.992806499463769E-17,8.604228440844963E-17
-2.113946399972974,9.126033262418786E-17,8.282263763703668E-17
-2.109844299972849,9.336975637097566E-17,8.404388296412435E-17
-2.105742199972724,9.314771176605063E-17,7.727152251391089E-17
-2.101640099972599,9.370282327836321E-17,8.260059303211165E-17
-2.0975379999724737,9.658940314238862E-17,8.615330671091215E-17
-2.0934358999723486,8.842926391139372E-17,8.004708007547378E-17
-2.0893337999722235,7.438494264988549E-17,8.404388296412435E-17
-2.0852316999720983,7.810418978237976E-17,8.604228440844963E-17
-2.081129599971973,6.800116025829084E-17,8.493206138382448E-17
-2.077027499971848,6.76680933509033E-17,8.693046282814976E-17
-2.072925399971723,6.755707104844078E-17,8.570921750106209E-17
-2.068823299971598,6.744604874597826E-17,8.482103908136196E-17
-2.0647211999714727,7.144285163462882E-17,8.543166174490579E-17
-2.0606190999713476,6.70019595361282E-17,8.848477506262498E-17
-2.0565169999712225,6.944445019030354E-17,8.748557434046234E-17
-2.0524148999710974,6.811218256075336E-17,8.909539772616881E-17
-2.0483127999709723,7.088774012231624E-17,8.881784197001253E-17
-2.044210699970847,6.900036098045348E-17,9.087175456556906E-17
-2.040108599970722,7.122080702970379E-17,8.559819519859957E-17
-2.036006499970597,7.033262861000366E-17,8.43769498715119E-17
-2.031904399970472,6.877831637552845E-17,8.415490526658687E-17
-2.0278022999703467,7.049916206369744E-17,8.643086246706843E-17
-2.0237001999702215,7.399636459126668E-17,8.654188476953095E-17
-2.0195980999700964,7.083222897108499E-17,8.826273045769995E-17
-2.0154959999699713,7.382983113757291E-17,8.759659664292485E-17
-2.011393899969846,7.260858581048524E-17,8.698597397938101E-17
-2.007291799969721,7.044365091246618E-17,8.626432901337467E-17
-2.003189699969596,6.905587213168474E-17,8.548717289613706E-17
-1.9990875999695203,7.105427357601002E-17,8.565370634983082E-17
-1.9949854999696173,5.4012350148013864E-17,7.277511926417901E-17
-1.9908833999697142,5.656586310465172E-17,7.55506768257419E-17
-1.9867812999698111,5.5289106626332796E-17,7.549516567451065E-17
-1.982679199969908,5.578870698741411E-17,7.166489623955385E-17
-1.978577099970005,5.490052856771399E-17,7.66053886991358E-17
-1.974474999970102,5.4789506265251475E-17,7.560618797697317E-17
-1.9703728999701988,5.440092820663267E-17,7.244205235679146E-17
-1.9662707999702957,5.201394870368859E-17,7.155387393709133E-17
-1.9621686999703927,5.145883719137601E-17,7.527312106958562E-17
-1.9580665999704896,5.329070518200751E-17,7.427392034742298E-17
-1.9539644999705865,5.195843755245733E-17,7.011058400507863E-17
-1.9498623999706834,5.190292640122607E-17,7.521760991835435E-17
-1.9457602999707804,5.2957638274619965E-17,7.01660951563099E-17
-1.9416581999708773,5.301314942585122E-17,7.366329768387913E-17
-1.9375560999709742,5.662137425588298E-17,7.521760991835435E-17
-1.9334539999710711,5.25135490647699E-17,7.238654120556021E-17
-1.929351899971168,5.417888360170764E-17,7.155387393709133E-17
-1.925249799971265,5.118128143521972E-17,7.172040739078511E-17
-1.921147699971362,5.1847415249994813E-17,7.449596495234801E-17
-1.9170455999714588,5.367928324062632E-17,7.538414337204813E-17
-1.9129434999715558,5.1236792586450977E-17,7.005507285384738E-17
-1.9088413999716527,5.329070518200751E-17,6.966649479522857E-17
-1.9047392999717496,5.10702591327572E-17,6.811218256075336E-17
-1.9006371999718465,5.2402526762307386E-17,7.01660951563099E-17
-1.8965350999719435,5.384581669432009E-17,6.88338275267597E-17
-1.8924329999720404,5.2957638274619965E-17,6.7390537594747E-17
-1.8883308999721373,5.406786129924512E-17,6.59472476627343E-17
-1.8842287999722342,5.1569859493838524E-17,7.005507285384738E-17
-1.8801266999723312,5.484501741648273E-17,6.983302824892235E-17
-1.876024599972428,5.56776846849516E-17,6.533662499919046E-17
-1.871922499972525,5.384581669432009E-17,6.727951529228448E-17
-1.867820399972622,5.140332604014475E-17,6.80566714095221E-17
-1.8637182999727189,5.35682609381638E-17,7.194245199571015E-17
-1.8596161999728158,5.229150445984487E-17,6.600275881396556E-17
-1.8555140999729127,4.7906123512575504E-17,6.561418075534675E-17
-1.8514119999730096,5.06816810741384E-17,6.483702463810914E-17
-1.8473098999731066,4.7073456244106636E-17,6.666889262874065E-17
-1.8432077999732035,5.10702591327572E-17,6.722400414105323E-17
-1.8391056999733004,5.190292640122607E-17,6.755707104844078E-17
-1.8350035999733973,4.979350265443827E-17,6.644684802381562E-17
-1.8309014999734943,4.85722573273506E-17,6.650235917504687E-17
-1.8267993999735912,5.0737192225369656E-17,6.666889262874065E-17
-1.8226972999736881,4.640732242933154E-17,6.503131366741854E-17
-1.818595199973785,4.1050496335515166E-17,6.497580251618729E-17
-1.814493099973882,3.9496184101039945E-17,6.811218256075336E-17
-1.810390999973979,3.8441472227646045E-17,6.855627177060342E-17
-1.8062888999740758,3.8857805861880476E-17,6.750155989720952E-17
-1.8021867999741727,3.8219427622721014E-17,6.88338275267597E-17
-1.7980846999742697,3.783084956410221E-17,6.755707104844078E-17
-1.7939825999743666,3.799738301779598E-17,6.533662499919046E-17
-1.7898804999744635,3.866351683257108E-17,6.761258219967203E-17
-1.7857783999745604,3.860800568133982E-17,6.711298183859072E-17
-1.7816762999746574,3.7386760354252146E-17,6.589173651150304E-17
-1.7775741999747543,3.733124920302089E-17,6.619704784327495E-17
-1.7734720999748512,3.938516179857743E-17,6.569744748219364E-17
-1.7693699999749481,4.010680676458378E-17,6.622480341889059E-17
-1.765267899975045,4.06064071256651E-17,7.055467321492869E-17
-1.761165799975142,4.0051295613352524E-17,6.750155989720952E-17
-1.757063699975239,3.957945082788683E-17,7.011058400507863E-17
-1.7529615999753358,4.0273340218277555E-17,6.82509604388315E-17
-1.7488594999754328,3.896882816434299E-17,6.622480341889059E-17
-1.7447573999755297,3.9412917374193055E-17,6.503131366741854E-17
-1.7406552999756266,4.1799896877137144E-17,6.997180612700049E-17
-1.7365531999757235,3.9218628344883656E-17,6.683542608243442E-17
-1.7324510999758205,4.002354003773689E-17,6.88338275267597E-17
-1.7283489999759174,3.9690473130349345E-17,6.772360450213455E-17
-1.7242468999760143,3.932965064734617E-17,6.705747068735945E-17
-1.7201447999761112,4.06064071256651E-17,6.96942503708442E-17
-1.7160426999762082,3.952393967665557E-17,6.875056079991282E-17
-1.711940599976305,4.18554080283684E-17,6.94999613415348E-17
-1.707838499976402,4.0550895974433845E-17,6.619704784327495E-17
-1.703736399976499,4.066191827689636E-17,6.572520305780926E-17
-1.6996342999765959,4.2021941482062175E-17,6.752931547282514E-17
-1.6955321999766928,3.93574062229618E-17,6.772360450213455E-17
-1.6914300999767897,3.758104938356155E-17,6.49896803039951E-17
-1.6873279999768866,3.771982726163969E-17,6.955547249276605E-17
-1.6832258999769836,3.858025010572419E-17,6.95971058561895E-17
-1.6791237999770805,3.623490396620355E-17,6.800116025829084E-17
-1.6750216999771774,3.624878175401136E-17,6.659950368970158E-17
-1.6709195999772744,3.586020369539256E-17,6.840361610471746E-17
-1.6668174999773713,3.670674875166924E-17,6.598888102615774E-17
-1.6627153999774682,3.608224830031759E-17,6.616929226765933E-17
-1.6586132999775651,3.637368184428169E-17,6.76680933509033E-17
-1.654511199977662,3.6484704146744207E-17,6.757094883624859E-17
-1.650409099977759,3.722022690055837E-17,6.851463840717998E-17
-1.646306999977856,3.59989815734707E-17,6.666889262874065E-17
-1.6422048999779528,3.6970426720017715E-17,6.439293542825907E-17
-1.6381027999780498,3.827493877395227E-17,6.616929226765933E-17
-1.6340006999781467,3.597122599785507E-17,6.682154829462661E-17
-1.6298985999782436,3.615857613326057E-17,6.815381592417679E-17
-1.6257964999783405,3.670674875166924E-17,6.717543188372587E-17
-1.6216943999784375,3.664429870653407E-17,6.843831057423699E-17
-1.6175922999785344,3.728267694569354E-17,6.748074321549779E-17
-1.6134901999786313,3.737288256644433E-17,6.913913885853163E-17
-1.6093880999787282,3.715777685542321E-17,6.836892163519792E-17
-1.6052859999788252,3.617245392106838E-17,6.871586633039329E-17
-1.601183899978922,3.6311231799146524E-17,6.740788482950676E-17
-1.597081799979019,3.622449562534769E-17,6.615888392680347E-17
-1.592979699979116,3.727573805178963E-17,6.426109644408484E-17
-1.5888775999792129,3.677266824375636E-17,6.563499743705847E-17
-1.5847754999793098,3.6812566883703823E-17,6.569224331176571E-17
-1.5806733999794067,3.734859643778066E-17,6.56853044178618E-17
-1.5765712999795036,3.7251451923125956E-17,6.57893878264204E-17
-1.5724691999796006,3.7650004641731626E-17,6.507880172257341E-17
-1.5683670999796975,3.736709320212897E-17,5.458537661891911E-17
-1.5642649999797944,3.702507050951098E-17,4.42337139139326E-17
-1.5601628999798913,3.6671186920411717E-17,4.581838380923742E-17
-1.5560607999799883,3.728094222221756E-17,4.7075190967582615E-17
-1.5519586999800852,3.6394498525993414E-17,4.521730212481145E-17
-1.547856599980182,3.732431030911698E-17,4.364911210252842E-17
-1.543754499980279,3.767819389821625E-17,4.7073456244106636E-17
-1.539652399980376,3.711961293895172E-17,4.569955525113301E-17
-1.5355502999804729,3.768860223907211E-17,4.478362125581725E-17
-1.5314481999805698,3.769207168602407E-17,4.585914981092287E-17
-1.5273460999806667,3.819167204710538E-17,4.640038353542764E-17
-1.5232439999807637,3.805983306293115E-17,4.6497528050082335E-17
-1.5191418999808606,3.729655473350135E-17,4.6927739472124585E-17
-1.5150397999809575,3.776146062506314E-17,4.6372627959812006E-17
-1.5109376999810544,3.813616089587413E-17,4.7579995499091866E-17
-1.5068355999811514,3.7796155094582673E-17,4.788530683086378E-17
-1.5027334999812483,3.808064974464287E-17,4.561628852428612E-17
-1.4986313999813452,4.028721800608537E-17,4.7156722970953526E-17
-1.4945292999814421,3.8649639044763264E-17,4.632405570248466E-17
-1.490427199981539,3.91631171936524E-17,4.768407890765047E-17
-1.486325099981636,3.8358205500799156E-17,4.671263376110346E-17
-1.482222999981733,3.9634961979118087E-17,4.6018744370712736E-17
-1.4781208999818298,3.938516179857743E-17,4.5949355431673666E-17
-1.4740187999819268,3.932965064734617E-17,4.513056595101261E-17
-1.4699166999820237,3.8066771956835053E-17,4.6657122609872205E-17
-1.4658145999821206,4.064804048908854E-17,4.729550084903167E-17
-1.4617124999822175,3.770594947383188E-17,4.546363285840016E-17
-1.4576103999823145,4.0273340218277555E-17,4.746203430272544E-17
-1.4535082999824114,4.0592529337857284E-17,4.871103520542874E-17
-1.4494061999825083,3.951006188884776E-17,4.676814491233472E-17
-1.4453040999826052,3.957945082788683E-17,4.6934678366028494E-17
-1.4412019999827022,4.18554080283684E-17,4.782285678572862E-17
-1.437099899982799,4.3215431233534217E-17,4.6018744370712736E-17
-1.432997799982896,3.9634961979118087E-17,4.576894419017208E-17
-1.428895699982993,4.052314039881821E-17,4.476974346800944E-17
-1.4247935999830899,4.263256414560601E-17,4.596323321948148E-17
-1.4206914999831868,4.3354209111612364E-17,4.746203430272544E-17
-1.4165893999832837,4.2993386628609185E-17,4.7406523151494183E-17
-1.4124872999833806,3.735900477863652E-17,4.141131881851834E-17
-1.4083851999834776,2.5923707624997407E-17,3.425038030968608E-17
-1.4042830999835745,2.4674706722294104E-17,3.4361402612148595E-17
-1.4001809999836714,2.5451862839531715E-17,3.363975764614224E-17
-1.3960788999837683,2.628453010800058E-17,3.377853552422039E-17
-1.3919767999838653,2.6645352591003756E-17,3.4638958368304884E-17
-1.3878746999839622,2.6229018956769322E-17,3.627653732962699E-17
-1.383772599984059,2.5451862839531715E-17,3.530509218307998E-17
-1.379670499984156,2.6423307986078724E-17,3.441691376337985E-17
-1.375568399984253,2.6201263381153693E-17,3.4777736246383026E-17
-1.3714662999843499,2.6395552410463096E-17,3.502753642692369E-17
-1.3673641999844468,2.703393064962256E-17,3.391731340229853E-17
-1.3632620999845437,2.7200464103316335E-17,3.508304757815495E-17
-1.3591599999846407,2.5146551507759796E-17,3.497202527569243E-17
-1.3550578999847376,2.631228568361621E-17,3.5332847758695604E-17
-1.3509557999848345,2.6006974351844293E-17,3.405609128037668E-17
-1.3468536999849314,2.6700863742235014E-17,3.547162563677375E-17
-1.3427515999850284,2.7422508708241366E-17,3.402833570476105E-17
-1.3386494999851253,2.6978419498391303E-17,3.372302437298913E-17
-1.3345473999852222,2.6395552410463096E-17,3.355649091929536E-17
-1.3304452999853191,2.6700863742235014E-17,3.319566843629218E-17
-1.326343199985416,2.7144952952085077E-17,3.4083846855992305E-17
-1.322241099985513,3.0003777240494854E-17,3.269606807521086E-17
-1.31813899998561,3.2307490016592053E-17,3.4361402612148595E-17
-1.3140368999857068,4.235500838944972E-17,3.150257832373882E-17
-1.3099347999858038,4.0967229608668276E-17,3.0364599723498034E-17
-1.3058326999859007,4.3631764867768654E-17,3.2474023470285827E-17
-1.3017305999859976,4.424238753131249E-17,3.258504577274834E-17
-1.2976284999860945,4.340972026284362E-17,2.997602166487923E-17
-1.2935263999861915,4.1244785364824565E-17,3.1696867353048217E-17
-1.2894242999862884,3.9412917374193055E-17,3.064215547965432E-17
-1.2853221999863853,4.04121180963557E-17,3.0364599723498034E-17
-1.2812200999864822,3.824718319833664E-17,3.141931159689193E-17
-1.2771179999865792,3.9468428525424313E-17,3.103073353827313E-17
-1.273015899986676,3.902433931557425E-17,3.1252778143198154E-17
-1.268913799986773,3.874678355941796E-17,3.153033389935444E-17
-1.26481169998687,4.030109579389318E-17,2.997602166487923E-17
-1.2607095999869669,4.0245584642661923E-17,3.042011087472929E-17
-1.2566074999870638,4.324318680914985E-17,3.11972669919669E-17
-1.2525053999871607,4.1799896877137144E-17,3.097522238704187E-17
-1.2484032999872576,4.196643033083092E-17,3.219646771412954E-17
-1.2443011999873546,4.4353409833775006E-17,3.053113317719181E-17
-1.2401990999874515,4.246603069191224E-17,3.11972669919669E-17
-1.2360969999875484,4.6018744370712736E-17,2.986499936241671E-17
-1.2319948999876453,4.4908521346087585E-17,3.069766663088558E-17
-1.2278927999877423,4.379829832146243E-17,3.0808688933348097E-17
-1.2237906999878392,4.4686476741162553E-17,3.0586644328423065E-17
-1.219688599987936,4.5796699765787705E-17,3.091971123581061E-17
-1.215586499988033,4.2854608750531044E-17,3.1086244689504386E-17
-1.21148439998813,4.374278717023117E-17,3.1696867353048217E-17
-1.2073822999882269,4.1022740759899534E-17,3.236300116782331E-17
-1.2032801999883238,3.985700658404312E-17,3.153033389935444E-17
-1.1991780999884207,4.402034292638746E-17,3.3084646133829663E-17
-1.1950759999885177,3.980149543281186E-17,2.997602166487923E-17
-1.1909738999886146,4.04121180963557E-17,3.2251978865360795E-17
-1.1868717999887115,3.9968028886505634E-17,3.208544541166702E-17
-1.1827696999888084,4.030109579389318E-17,3.0586644328423065E-17
-1.1786675999889054,4.1744385725905886E-17,2.992051051364797E-17
-1.1745654999890023,4.141131881851834E-17,3.180788965551073E-17
-1.1704633999890992,4.163336342344337E-17,3.2751579226442116E-17
-1.1663612999891961,3.9912517735274376E-17,3.103073353827313E-17
-1.162259199989293,4.2021941482062175E-17,2.9587443606260423E-17
-1.15815709998939,3.9634961979118087E-17,3.042011087472929E-17
-1.154054999989487,3.9912517735274376E-17,3.053113317719181E-17
-1.1499528999895838,4.0745185003743244E-17,3.186340080674199E-17
-1.1458507999896808,3.858025010572419E-17,3.15858450505857E-17
-1.1417486999897777,4.030109579389318E-17,3.258504577274834E-17
-1.1376465999898746,3.896882816434299E-17,3.1474822748123185E-17
-1.1335444999899715,4.0467629247586955E-17,3.1752378504279474E-17
-1.1294423999900685,3.930189507173054E-17,3.069766663088558E-17
-1.1253402999901654,3.902433931557425E-17,3.0309088572266776E-17
-1.1212381999902623,3.9690473130349345E-17,3.325117958752344E-17
-1.1171360999903592,3.9690473130349345E-17,3.153033389935444E-17
-1.1130339999904562,4.052314039881821E-17,3.2307490016592053E-17
-1.108931899990553,4.0190073491430665E-17,3.136380044566067E-17
-1.10482979999065,3.9135361618036766E-17,3.053113317719181E-17
-1.100727699990747,3.852473895449293E-17,3.047562202596055E-17
-1.0966255999908439,4.141131881851834E-17,3.15858450505857E-17
-1.0925234999909408,4.08006961549745E-17,3.0808688933348097E-17
-1.0884213999910377,4.163336342344337E-17,3.164135620181696E-17
-1.0843192999911346,4.141131881851834E-17,3.0586644328423065E-17
-1.0802171999912316,4.2021941482062175E-17,3.136380044566067E-17
-1.0761150999913285,3.985700658404312E-17,3.103073353827313E-17
-1.0720129999914254,4.1522341120980855E-17,3.025357742103552E-17
-1.0679108999915223,4.2021941482062175E-17,3.191891195797325E-17
-1.0638087999916193,3.9190872769268024E-17,3.347322419244847E-17
-1.0597066999917162,4.085620730620576E-17,3.019806626980426E-17
-1.055604599991813,3.9412917374193055E-17,3.091971123581061E-17
-1.05150249999191,4.0190073491430665E-17,3.047562202596055E-17
-1.047400399992007,4.340972026284362E-17,3.069766663088558E-17
-1.0432982999921039,6.850076061937216E-17,3.11972669919669E-17
-1.0391961999922008,6.838973831690964E-17,2.842170943040401E-17
-1.0350940999922977,7.316369732279782E-17,3.0309088572266776E-17
-1.0309919999923947,7.649436639667328E-17,2.942091015256665E-17
-1.0268898999924916,7.271960811294776E-17,3.11972669919669E-17
-1.0227877999925885,6.727951529228448E-17,3.019806626980426E-17
-1.0186856999926854,6.80566714095221E-17,3.286260152890463E-17
-1.0145835999927824,6.705747068735945E-17,3.019806626980426E-17
-1.0104814999928793,6.916689443414725E-17,2.97539770599542E-17
-1.0063793999929762,7.638334409421076E-17,2.964295475749168E-17
-1.0022772999930731,8.471001677889945E-17,2.6756374893466272E-17
-0.9981751999931207,8.559819519859957E-17,2.8199664825478977E-17
-0.9940730999931066,7.849276784099856E-17,2.5424107263916086E-17
-0.9899709999930925,7.138734048339757E-17,2.320366121466577E-17
-0.9858688999930784,7.227551890309769E-17,2.3092638912203255E-17
-0.9817667999930643,7.072120666862247E-17,2.5646151868841117E-17
-0.9776646999930502,7.30526750203353E-17,2.509104035652854E-17
-0.9735625999930361,7.549516567451065E-17,2.3425705819590802E-17
-0.969460499993022,6.983302824892235E-17,2.3425705819590802E-17
-0.9653583999930079,7.138734048339757E-17,2.3869795029440865E-17
-0.9612562999929938,7.527312106958562E-17,2.5202062658991054E-17
-0.9571541999929797,7.73825448163734E-17,2.4980018054066023E-17
-0.9530520999929656,7.982503547054875E-17,2.4091839634365897E-17
-0.9489499999929515,8.293365993949919E-17,2.4424906541753444E-17
-0.9448478999929374,8.215650382226158E-17,2.4980018054066023E-17
-0.9407457999929233,8.482103908136196E-17,2.3869795029440865E-17
-0.9366436999929092,8.626432901337467E-17,2.3092638912203255E-17
-0.9325415999928951,8.271161533457416E-17,2.320366121466577E-17
-0.928439499992881,7.926992395823617E-17,2.7422508708241366E-17
-0.9243373999928669,7.538414337204813E-17,2.6645352591003756E-17
-0.9202352999928528,7.66053886991358E-17,2.375877272697835E-17
-0.9161331999928387,7.682743330406083E-17,2.7644553313166398E-17
-0.9120310999928246,7.693845560652334E-17,2.5202062658991054E-17
-0.9079289999928105,7.116529587847254E-17,2.631228568361621E-17
-0.9038268999927964,7.260858581048524E-17,2.4868995751603507E-17
-0.8997247999927823,7.471800955727304E-17,2.731148640577885E-17
-0.8956226999927682,7.416289804496046E-17,2.298161660974074E-17
-0.8915205999927541,6.872280522429719E-17,2.6978419498391303E-17
-0.88741849999274,7.58282325818982E-17,2.5757174171303633E-17
-0.8833163999927259,7.538414337204813E-17,2.4646951146678476E-17
-0.8792142999927118,6.938893903907228E-17,2.55351295663786E-17
-0.8751121999926977,7.416289804496046E-17,2.6423307986078724E-17
-0.8710100999926836,7.538414337204813E-17,2.375877272697835E-17
-0.8669079999926695,7.382983113757291E-17,2.4646951146678476E-17
-0.8628058999926554,7.382983113757291E-17,2.653433028854124E-17
-0.8587037999926413,7.449596495234801E-17,2.2870594307278223E-17
-0.8546016999926273,7.116529587847254E-17,2.509104035652854E-17
-0.8504995999926132,7.172040739078511E-17,2.5757174171303633E-17
-0.8463974999925991,6.916689443414725E-17,2.7644553313166398E-17
-0.842295399992585,7.482903185973556E-17,2.7644553313166398E-17
-0.8381932999925709,7.116529587847254E-17,2.653433028854124E-17
-0.8340911999925568,7.061018436615996E-17,2.7422508708241366E-17
-0.8299890999925427,7.30526750203353E-17,2.475797344914099E-17
-0.8258869999925286,7.349676423018537E-17,2.708944180085382E-17
-0.8217848999925145,7.238654120556021E-17,2.4980018054066023E-17
-0.8176827999925004,7.982503547054875E-17,2.5979218776228665E-17
-0.8135806999924863,7.038813976123493E-17,2.5646151868841117E-17
-0.8094785999924722,7.271960811294776E-17,2.8532731732866524E-17
-0.8053764999924581,7.09432512735475E-17,2.5757174171303633E-17
-0.801274399992444,7.271960811294776E-17,2.708944180085382E-17
-0.7971722999924299,6.838973831690964E-17,2.8532731732866524E-17
-0.7930701999924158,6.838973831690964E-17,2.6756374893466272E-17
-0.7889680999924017,7.072120666862247E-17,2.6978419498391303E-17
-0.7848659999923876,6.816769371198461E-17,2.7977620220553945E-17
-0.7807638999923735,7.260858581048524E-17,2.7533531010703882E-17
-0.7766617999923594,7.216449660063518E-17,2.842170943040401E-17
-0.7725596999923453,7.049916206369744E-17,2.8976820942716587E-17
-0.7684575999923312,7.638334409421076E-17,2.586819647376615E-17
-0.7643554999923171,6.650235917504687E-17,2.653433028854124E-17
-0.760253399992303,7.616129948928574E-17,2.5202062658991054E-17
-0.7561512999922889,6.816769371198461E-17,2.6645352591003756E-17
-0.7520491999922748,7.227551890309769E-17,2.7533531010703882E-17
-0.7479470999922607,7.360778653264788E-17,2.631228568361621E-17
-0.7438449999922466,6.716849298982197E-17,2.7644553313166398E-17
-0.7397428999922325,7.360778653264788E-17,2.6201263381153693E-17
-0.7356407999922184,7.394085344003543E-17,2.7644553313166398E-17
-0.7315386999922043,6.838973831690964E-17,2.7755575615628914E-17
-0.7274365999921902,6.494804694057165E-17,2.7977620220553945E-17
-0.7233344999921761,7.893685705084863E-17,2.6756374893466272E-17
-0.719232399992162,6.7390537594747E-17,1.909583602355269E-17
-0.7151302999921479,7.127631818093505E-17,1.7763568394002505E-17
-0.7110281999921338,6.838973831690964E-17,1.6209256159527284E-17
-0.7069260999921197,6.872280522429719E-17,1.6209256159527284E-17
-0.7028239999921057,7.360778653264788E-17,1.48769885299771E-17
-0.6987218999920916,7.80486786311485E-17,1.6764367671839863E-17
-0.6946197999920775,7.183142969324763E-17,1.27675647831893E-17
-0.6905176999920634,6.838973831690964E-17,1.4988010832439614E-17
-0.6864155999920493,6.23945339839338E-17,1.48769885299771E-17
-0.6823134999920352,6.339373470609643E-17,1.2989609388114332E-17
-0.6782113999920211,6.694644838489694E-17,1.48769885299771E-17
-0.674109299992007,6.428191312579656E-17,1.5987211554602253E-17
-0.6700071999919929,7.138734048339757E-17,1.3766765505351941E-17
-0.6659050999919788,7.394085344003543E-17,1.532107773982716E-17
-0.6618029999919647,7.438494264988549E-17,1.354472090042691E-17
-0.6577008999919506,7.749356711883592E-17,1.6431300764452316E-17
-0.6535987999919365,7.938094626069869E-17,1.3877787807814457E-17
-0.6494966999919224,8.01581023779363E-17,1.4210854715202004E-17
-0.6453945999919083,7.37188088351104E-17,1.48769885299771E-17
-0.6412924999918942,7.527312106958562E-17,1.3433698597964394E-17
-0.6371903999918801,6.661338147750939E-17,1.4099832412739488E-17
-0.633088299991866,6.52811138479592E-17,1.6764367671839863E-17
-0.6289861999918519,6.794564910705958E-17,1.454392162258955E-17
-0.6248840999918378,6.727951529228448E-17,1.2878587085651817E-17
-0.6207819999918237,6.616929226765933E-17,1.3211653993039362E-17
-0.6166798999918096,6.67244037799719E-17,1.3877787807814457E-17
-0.6125777999917955,6.23945339839338E-17,1.4210854715202004E-17
-0.6084756999917814,6.639133687258436E-17,1.3100631690576846E-17
-0.6043735999917673,6.80566714095221E-17,1.4210854715202004E-17
-0.6002714999917532,6.52811138479592E-17,1.3433698597964394E-17
-0.5961693999917391,6.483702463810914E-17,1.3655743202889425E-17
-0.592067299991725,6.750155989720952E-17,1.4765966227514583E-17
-0.5879651999917109,6.628031457012184E-17,1.509903313490213E-17
-0.5838630999916968,6.683542608243442E-17,1.5543122344752193E-17
-0.5797609999916827,6.550315845288423E-17,1.509903313490213E-17
-0.5756588999916686,6.67244037799719E-17,1.5210055437364646E-17
-0.5715567999916545,6.072919944699607E-17,1.4765966227514583E-17
-0.5674546999916404,6.306066779870889E-17,1.4988010832439614E-17
-0.5633525999916263,6.794564910705958E-17,1.4654943925052067E-17
-0.5592504999916122,6.472600233564662E-17,1.4432899320127036E-17
-0.5551483999915982,6.583622536027178E-17,1.5654144647214706E-17
-0.551046299991584,6.172840016915871E-17,1.4210854715202004E-17
-0.54694419999157,6.128431095930865E-17,1.3877787807814457E-17
-0.5428420999915559,6.339373470609643E-17,1.199040866595169E-17
-0.5387399999915418,6.372680161348398E-17,1.1879386363489175E-17
-0.5346378999915277,6.650235917504687E-17,1.4210854715202004E-17
-0.5305357999915136,6.294964549624637E-17,1.454392162258955E-17
-0.5264336999914995,6.539213615042172E-17,1.3433698597964394E-17
-0.5223315999914854,6.483702463810914E-17,1.3322676295501878E-17
-0.5182294999914713,6.572520305780926E-17,1.3322676295501878E-17
-0.5141273999914572,6.306066779870889E-17,1.687538997430238E-17
-0.5100252999914431,6.727951529228448E-17,1.2878587085651817E-17
-0.505923199991429,6.572520305780926E-17,1.4654943925052067E-17
-0.5018210999914149,6.128431095930865E-17,9.769962616701377E-18
-0.4977189999914008,6.783462680459706E-17,8.326672684688674E-18
-0.4936168999913867,6.872280522429719E-17,7.327471962526034E-18
-0.4895147999913726,6.161737786669619E-17,6.550315845288423E-18
-0.4854126999913585,6.550315845288423E-17,6.661338147750939E-18
-0.4813105999913444,5.861977570020827E-17,8.548717289613705E-18
-0.4772084999913303,6.67244037799719E-17,5.10702591327572E-18
-0.4731063999913162,6.439293542825907E-17,6.439293542825908E-18
-0.4690042999913021,6.483702463810914E-17,7.105427357601002E-18
-0.464902199991288,7.271960811294776E-17,7.549516567451065E-18
-0.4608000999912739,6.172840016915871E-17,5.662137425588298E-18
-0.4566979999912598,5.961897642237091E-17,6.8833827526759705E-18
-0.4525958999912457,6.650235917504687E-17,6.550315845288423E-18
-0.4484937999912316,7.149836278586008E-17,6.661338147750939E-18
-0.4443916999912175,6.405986852087153E-17,8.43769498715119E-18
-0.44028959999120343,5.917488721252085E-17,7.105427357601002E-18
-0.43618749999118933,5.750955267558311E-17,6.994405055138486E-18
-0.43208539999117523,6.061817714453355E-17,6.994405055138486E-18
-0.42798329999116114,6.31716901011714E-17,6.217248937900877E-18
-0.42388119999114704,6.572520305780926E-17,6.8833827526759705E-18
-0.41977909999113294,7.049916206369744E-17,8.992806499463768E-18
-0.41567699999111885,7.58282325818982E-17,6.550315845288423E-18
-0.41157489999110475,6.894484982922222E-17,7.993605777301126E-18
-0.40747279999109065,6.539213615042172E-17,7.549516567451065E-18
-0.40337069999107655,6.38378239159465E-17,7.993605777301126E-18
-0.39926859999106246,6.517009154549669E-17,6.3282712403633925E-18
-0.39516649999104836,6.372680161348398E-17,7.88258347483861E-18
-0.39106439999103426,6.061817714453355E-17,9.325873406851316E-18
-0.38696229999102016,6.183942247162122E-17,6.8833827526759705E-18
-0.38286019999100607,5.995204332975846E-17,7.43849426498855E-18
-0.37875809999099197,5.861977570020827E-17,7.327471962526034E-18
-0.3746559999909779,5.972999872483343E-17,6.106226635438361E-18
-0.3705538999909638,6.072919944699607E-17,7.105427357601002E-18
-0.3664517999909497,5.784261958297066E-17,6.3282712403633925E-18
-0.3623496999909356,5.939693181744588E-17,7.43849426498855E-18
-0.3582475999909215,5.562217353372034E-17,5.995204332975845E-18
-0.3541454999909074,5.628830734849544E-17,6.3282712403633925E-18
-0.3500433999908933,5.995204332975846E-17,3.885780586188048E-18
-0.3459412999908792,5.750955267558311E-17,4.3298697960381105E-18
-0.3418391999908651,5.584421813864537E-17,3.552713678800501E-18
-0.337737099990851,5.584421813864537E-17,3.552713678800501E-18
-0.3336349999908369,5.684341886080802E-17,3.1086244689504384E-18
-0.3295328999908228,5.806466418789569E-17,2.886579864025407E-18
-0.3254307999908087,5.773159728050814E-17,4.440892098500626E-18
-0.3213286999907946,5.5067062021407764E-17,4.996003610813204E-18
-0.3172265999907805,5.895284260759582E-17,2.55351295663786E-18
-0.3131244999907664,5.662137425588298E-17,3.663735981263017E-18
-0.3090223999907523,5.750955267558311E-17,2.7755575615628915E-18
-0.3049202999907382,5.717648576819556E-17,3.552713678800501E-18
-0.3008181999907241,5.895284260759582E-17,3.885780586188048E-18
-0.29671609999071,5.795364188543317E-17,2.6645352591003758E-18
-0.2926139999906959,6.039613253960852E-17,2.9976021664879226E-18
-0.28851189999068183,5.67323965583455E-17,2.9976021664879226E-18
-0.28440979999066773,6.195044477408374E-17,3.552713678800501E-18
-0.28030769999065364,5.873079800267078E-17,3.219646771412954E-18
-0.27620559999063954,5.384581669432009E-17,1.8873791418627663E-18
-0.27210349999062544,6.472600233564662E-17,4.3298697960381105E-18
-0.26800139999061134,5.406786129924512E-17,3.219646771412954E-18
-0.26389929999059725,5.861977570020827E-17,3.1086244689504384E-18
-0.25979719999058315,5.206945985491984E-17,3.4416913763379853E-18
-0.25569509999056905,5.972999872483343E-17,4.8849813083506885E-18
-0.25159299999055496,6.195044477408374E-17,3.552713678800501E-18
-0.24749089999055784,5.573319583618286E-17,2.55351295663786E-18
-0.2433887999905715,5.095923683029469E-17,1.8873791418627663E-18
-0.23928669999058516,5.573319583618286E-17,1.8873791418627663E-18
-0.23518459999059882,6.161737786669619E-17,2.1094237467877974E-18
-0.23108249999061248,6.927791673660977E-17,2.220446049250313E-18
-0.22698039999062614,6.494804694057165E-17,2.886579864025407E-18
-0.2228782999906398,5.873079800267078E-17,1.4432899320127034E-18
-0.21877619999065345,5.67323965583455E-17,1.3322676295501879E-18
-0.2146740999906671,5.595524044110789E-17,1.7763568394002505E-18
-0.21057199999068077,5.517808432387028E-17,1.5543122344752192E-18
-0.20646989999069443,5.2402526762307386E-17,1.7763568394002505E-18
-0.20236779999070809,5.2402526762307386E-17,2.331468351712829E-18
-0.19826569999072174,5.573319583618286E-17,1.1102230246251566E-18
-0.1941635999907354,5.2735593669694933E-17,1.3322676295501879E-18
-0.19006149999074906,5.284661597215745E-17,2.1094237467877974E-18
-0.18595939999076272,5.517808432387028E-17,1.8873791418627663E-18
-0.18185729999077638,5.329070518200751E-17,1.8873791418627663E-18
-0.17775519999079004,4.9182879990894435E-17,1.2212453270876721E-18
-0.1736530999908037,5.029310301551959E-17,1.3322676295501879E-18
-0.16955099999081735,5.118128143521972E-17,8.881784197001253E-19
-0.165448899990831,4.96269692007445E-17,1.3322676295501879E-18
-0.16134679999084467,5.17363929475323E-17,7.771561172376096E-19
-0.15724469999085833,5.206945985491984E-17,9.992007221626408E-19
-0.15314259999087199,5.140332604014475E-17,9.992007221626408E-19
-0.14904049999088564,4.96269692007445E-17,9.992007221626408E-19
-0.1449383999908993,5.0737192225369656E-17,8.881784197001253E-19
-0.14083629999091296,5.162537064506978E-17,1.3322676295501879E-18
-0.13673419999092662,5.406786129924512E-17,7.771561172376096E-19
-0.13263209999094028,5.573319583618286E-17,6.661338147750939E-19
-0.12852999999095394,5.2957638274619965E-17,1.5543122344752192E-18
-0.12442789999096565,5.262457136723242E-17,8.881784197001253E-19
-0.12032579999096543,4.984901380566953E-17,4.440892098500626E-19
-0.11622369999096521,5.484501741648273E-17,5.551115123125783E-19
-0.11212159999096499,4.7073456244106636E-17,6.661338147750939E-19
-0.10801949999096477,5.495603971894525E-17,3.3306690738754697E-19
-0.10391739999096455,6.38378239159465E-17,3.3306690738754697E-19
-0.09981529999096433,5.3956838996782606E-17,7.771561172376096E-19
-0.09571319999096412,4.884981308350689E-17,4.440892098500626E-19
-0.0916110999909639,4.884981308350689E-17,5.551115123125783E-19
-0.08750899999096368,4.39648317751562E-17,5.551115123125783E-19
-0.08340689999096346,4.6074255521943994E-17,3.3306690738754697E-19
-0.07930479999096324,4.485301019485633E-17,2.220446049250313E-19
-0.07520269999096302,4.141131881851834E-17,3.3306690738754697E-19
-0.0711005999909628,4.296563105299356E-17,3.3306690738754697E-19
-0.06699849999096258,4.4408920985006264E-17,4.440892098500626E-19
-0.06289639999096236,4.640732242933154E-17,4.440892098500626E-19
-0.05879429999096214,4.729550084903167E-17,1.1102230246251566E-19
-0.05469219999096192,4.574118861455645E-17,1.1102230246251566E-19
-0.0505900999909617,4.1744385725905886E-17,1.1102230246251566E-19
-0.04648799999096148,4.662936703425657E-17,2.220446049250313E-19
-0.04238589999096126,4.718447854656915E-17,0.0
-0.03828379999096104,4.340972026284362E-17,0.0
-0.03418169999096082,4.574118861455645E-17,0.0
-0.030079599990960604,4.507505479978136E-17,0.0
-0.025977499990960384,3.9634961979118087E-17,0.0
-0.021875399990960165,3.519406988061746E-17,0.0
-0.017773299990959945,3.363975764614224E-17,0.0
-0.013671199990959726,3.6748382115092683E-17,0.0
-0.009569099990959506,3.597122599785507E-17,0.0
-0.005466999990959287,4.04121180963557E-17,0.0
-0.0013648999909593052,2.9309887850104134E-17,0.0
0.0027372000090406558,2.6090241078691177E-17,0.0
0.006839300009040752,3.0309088572266776E-17,0.0
0.010941400009040972,3.97459842815806E-17,0.0
0.015043500009041191,3.83026943495679E-17,0.0
0.01914560000904141,3.763656053479281E-17,0.0
0.023247700009041628,3.441691376337985E-17,1.1102230246251566E-19
0.027349800009041848,3.452793606584237E-17,0.0
0.031451900009042064,3.9968028886505634E-17,0.0
0.03555400000904228,4.7628567756419215E-17,0.0
0.0396561000090425,4.1522341120980855E-17,0.0
0.04375820000904272,4.507505479978136E-17,1.1102230246251566E-19
0.04786030000904294,4.574118861455645E-17,0.0
0.05196240000904316,4.374278717023117E-17,1.1102230246251566E-19
0.05606450000904338,4.674038933671909E-17,0.0
0.0601666000090436,4.4075854077618717E-17,2.220446049250313E-19
0.06426870000904382,4.7406523151494183E-17,0.0
0.06837080000904404,4.5297099404706384E-17,1.1102230246251566E-19
0.07247290000904426,4.585221091701896E-17,3.3306690738754697E-19
0.07657500000904448,4.662936703425657E-17,0.0
0.0806771000090447,4.3298697960381107E-17,1.1102230246251566E-19
0.08477920000904492,4.3298697960381107E-17,0.0
0.08888130000904514,4.6851411639181604E-17,0.0
0.09298340000904536,4.496403249731884E-17,6.661338147750939E-19
0.09708550000904557,5.1292303737682235E-17,2.220446049250313E-19
0.1011876000090458,4.984901380566953E-17,6.661338147750939E-19
0.10528970000904601,5.67323965583455E-17,5.551115123125783E-19
0.10939180000904623,5.906386491005833E-17,3.3306690738754697E-19
0.11349390000904645,4.96269692007445E-17,2.220446049250313E-19
0.11759600000904667,4.7850612361344246E-17,6.661338147750939E-19
0.12169810000904689,5.095923683029469E-17,3.3306690738754697E-19
0.1258002000090444,4.8627768478581857E-17,1.1102230246251566E-18
0.12990230000903075,5.1514348342607266E-17,1.2212453270876721E-18
0.1340044000090171,5.551115123125783E-17,7.771561172376096E-19
0.13810650000900343,5.2957638274619965E-17,6.661338147750939E-19
0.14220860000898977,5.17363929475323E-17,6.661338147750939E-19
0.1463107000089761,5.4511950509095185E-17,1.4432899320127034E-18
0.15041280000896246,5.206945985491984E-17,1.1102230246251566E-18
0.1545149000089488,4.9960036108132046E-17,5.551115123125783E-19
0.15861700000893514,5.029310301551959E-17,1.4432899320127034E-18
0.16271910000892148,4.9182879990894435E-17,7.771561172376096E-19
0.16682120000890782,5.329070518200751E-17,5.551115123125783E-19
0.17092330000889416,5.040412531798211E-17,4.440892098500626E-19
0.1750254000088805,5.2180482157382354E-17,1.2212453270876721E-18
0.17912750000886685,5.206945985491984E-17,9.992007221626408E-19
0.1832296000088532,5.1847415249994813E-17,1.5543122344752192E-18
0.18733170000883953,5.406786129924512E-17,1.9984014443252816E-18
0.19143380000882587,5.2957638274619965E-17,1.9984014443252816E-18
0.1955359000088122,5.417888360170764E-17,1.2212453270876721E-18
0.19963800000879856,5.1292303737682235E-17,1.9984014443252816E-18
0.2037401000087849,5.195843755245733E-17,1.8873791418627663E-18
0.20784220000877124,5.3512749786932543E-17,2.1094237467877974E-18
0.21194430000875758,5.2402526762307386E-17,2.1094237467877974E-18
0.21604640000874392,5.3179682879544996E-17,1.8873791418627663E-18
0.22014850000873026,5.4289905904170154E-17,1.8873791418627663E-18
0.2242506000087166,6.039613253960852E-17,1.7763568394002505E-18
0.22835270000870295,5.895284260759582E-17,1.2212453270876721E-18
0.2324548000086893,6.38378239159465E-17,1.9984014443252816E-18
0.23655690000867563,6.539213615042172E-17,2.6645352591003758E-18
0.24065900000866197,6.006306563222097E-17,1.3322676295501879E-18
0.2447611000086483,5.595524044110789E-17,2.331468351712829E-18
0.24886320000863466,5.195843755245733E-17,1.9984014443252816E-18
0.25296530000864104,5.4511950509095185E-17,1.6653345369377347E-18
0.25706740000865513,6.683542608243442E-17,3.1086244689504384E-18
0.26116950000866923,5.717648576819556E-17,4.107825191113079E-18
0.26527160000868333,5.329070518200751E-17,3.885780586188048E-18
0.2693737000086974,6.59472476627343E-17,4.107825191113079E-18
0.2734758000087115,5.5289106626332796E-17,2.6645352591003758E-18
0.2775779000087256,5.928590951498336E-17,3.7747582837255325E-18
0.2816800000087397,5.662137425588298E-17,3.663735981263017E-18
0.2857821000087538,6.072919944699607E-17,3.4416913763379853E-18
0.2898842000087679,5.806466418789569E-17,3.552713678800501E-18
0.293986300008782,5.684341886080802E-17,3.219646771412954E-18
0.2980884000087961,5.540012892879531E-17,3.219646771412954E-18
0.3021905000088102,5.706546346573305E-17,3.885780586188048E-18
0.3062926000088243,5.639932965095795E-17,3.552713678800501E-18
0.3103947000088384,5.706546346573305E-17,1.9984014443252816E-18
0.3144968000088525,5.784261958297066E-17,2.55351295663786E-18
0.3185989000088666,5.573319583618286E-17,3.219646771412954E-18
0.3227010000088807,5.81756864903582E-17,3.3306690738754695E-18
0.3268031000088948,5.73985303731206E-17,4.107825191113079E-18
0.3309052000089089,5.517808432387028E-17,3.219646771412954E-18
0.335007300008923,6.128431095930865E-17,3.3306690738754695E-18
0.3391094000089371,5.60662627435704E-17,3.4416913763379853E-18
0.3432115000089512,6.117328865684613E-17,3.3306690738754695E-18
0.3473136000089653,6.106226635438361E-17,2.4424906541753442E-18
0.35141570000897937,5.662137425588298E-17,3.219646771412954E-18
0.35551780000899347,5.750955267558311E-17,3.663735981263017E-18
0.35961990000900756,5.906386491005833E-17,6.994405055138486E-18
0.36372200000902166,5.762057497804563E-17,7.105427357601002E-18
0.36782410000903576,5.861977570020827E-17,5.3290705182007515E-18
0.37192620000904986,5.628830734849544E-17,8.770761894538737E-18
0.37602830000906395,6.061817714453355E-17,6.661338147750939E-18
0.38013040000907805,5.828670879282072E-17,7.88258347483861E-18
0.38423250000909215,6.039613253960852E-17,6.994405055138486E-18
0.38833460000910625,6.294964549624637E-17,7.105427357601002E-18
0.39243670000912034,6.150635556423368E-17,7.771561172376097E-18
0.39653880000913444,6.084022174945858E-17,7.771561172376097E-18
0.40064090000914854,6.139533326177116E-17,6.217248937900877E-18
0.40474300000916263,6.250555628639631E-17,6.8833827526759705E-18
0.40884510000917673,6.405986852087153E-17,6.439293542825908E-18
0.41294720000919083,7.027711745877241E-17,6.550315845288423E-18
0.4170493000092049,7.01660951563099E-17,5.8841820305133295E-18
0.421151400009219,7.349676423018537E-17,7.88258347483861E-18
0.4252535000092331,6.750155989720952E-17,7.549516567451065E-18
0.4293556000092472,6.117328865684613E-17,6.661338147750939E-18
0.4334577000092613,6.228351168147129E-17,6.3282712403633925E-18
0.4375598000092754,5.795364188543317E-17,6.8833827526759705E-18
0.4416619000092895,6.106226635438361E-17,6.772360450213455E-18
0.4457640000093036,6.361577931102146E-17,7.771561172376097E-18
0.4498661000093177,6.394884621840901E-17,5.440092820663267E-18
0.4539682000093318,7.216449660063518E-17,8.215650382226158E-18
0.4580703000093459,6.283862319378385E-17,6.772360450213455E-18
0.46217240000936,5.895284260759582E-17,6.3282712403633925E-18
0.4662745000093741,6.350475700855895E-17,7.88258347483861E-18
0.4703766000093882,6.727951529228448E-17,6.439293542825908E-18
0.4744787000094023,5.939693181744588E-17,6.661338147750939E-18
0.4785808000094164,5.750955267558311E-17,6.3282712403633925E-18
0.4826829000094305,6.88338275267597E-17,6.550315845288423E-18
0.4867850000094446,5.961897642237091E-17,9.436895709313831E-18
0.4908871000094587,6.727951529228448E-17,7.771561172376097E-18
0.4949892000094728,6.072919944699607E-17,7.327471962526034E-18
0.49909130000948687,6.539213615042172E-17,6.661338147750939E-18
0.503193400009501,6.816769371198461E-17,7.993605777301126E-18
0.5072955000095151,6.306066779870889E-17,8.659739592076221E-18
0.5113976000095292,6.561418075534675E-17,1.0769163338864019E-17
0.5154997000095433,6.628031457012184E-17,1.532107773982716E-17
0.5196018000095574,6.272760089132134E-17,1.3655743202889425E-17
0.5237039000095715,6.206146707654626E-17,1.1879386363489175E-17
0.5278060000095856,6.661338147750939E-17,1.5543122344752193E-17
0.5319081000095996,6.94999613415348E-17,1.2656542480726785E-17
0.5360102000096137,6.794564910705958E-17,1.432187701766452E-17
0.5401123000096278,5.95079541199084E-17,1.48769885299771E-17
0.5442144000096419,5.95079541199084E-17,1.4988010832439614E-17
0.548316500009656,6.294964549624637E-17,1.254552017826427E-17
0.5524186000096701,6.38378239159465E-17,1.2101430968414206E-17
0.5565207000096842,6.272760089132134E-17,1.3100631690576846E-17
0.5606228000096983,6.650235917504687E-17,1.4765966227514583E-17
0.5647249000097124,6.372680161348398E-17,1.5210055437364646E-17
0.5688270000097265,6.350475700855895E-17,1.3433698597964394E-17
0.5729291000097406,6.306066779870889E-17,1.5543122344752193E-17
0.5770312000097547,6.306066779870889E-17,1.3433698597964394E-17
0.5811333000097688,6.750155989720952E-17,1.48769885299771E-17
0.5852354000097829,6.261657858885882E-17,1.2989609388114332E-17
0.589337500009797,6.428191312579656E-17,1.4099832412739488E-17
0.5934396000098111,6.283862319378385E-17,1.3322676295501878E-17
0.5975417000098252,6.483702463810914E-17,1.3988810110276973E-17
0.6016438000098393,6.439293542825907E-17,1.4432899320127036E-17
0.6057459000098534,6.683542608243442E-17,1.3211653993039362E-17
0.6098480000098675,6.38378239159465E-17,1.2212453270876722E-17
0.6139501000098816,6.705747068735945E-17,1.576516694967722E-17
0.6180522000098957,6.517009154549669E-17,1.454392162258955E-17
0.6221543000099098,6.816769371198461E-17,1.48769885299771E-17
0.6262564000099239,6.705747068735945E-17,1.3877787807814457E-17
0.630358500009938,6.794564910705958E-17,1.3100631690576846E-17
0.6344606000099521,6.705747068735945E-17,1.5876189252139737E-17
0.6385627000099662,6.52811138479592E-17,1.709743457922741E-17
0.6426648000099803,6.794564910705958E-17,1.2656542480726785E-17
0.6467669000099944,7.271960811294776E-17,1.3433698597964394E-17
0.6508690000100085,7.616129948928574E-17,1.4654943925052067E-17
0.6549711000100226,7.482903185973556E-17,1.4765966227514583E-17
0.6590732000100367,7.58282325818982E-17,1.3655743202889425E-17
0.6631753000100508,7.260858581048524E-17,1.4765966227514583E-17
0.6672774000100649,7.505107646466059E-17,1.3433698597964394E-17
0.671379500010079,6.894484982922222E-17,1.3322676295501878E-17
0.675481600010093,6.894484982922222E-17,1.4765966227514583E-17
0.6795837000101072,6.894484982922222E-17,1.354472090042691E-17
0.6836858000101212,6.450395773072159E-17,1.3877787807814457E-17
0.6877879000101353,6.405986852087153E-17,1.5543122344752193E-17
0.6918900000101494,6.350475700855895E-17,1.354472090042691E-17
0.6959921000101635,6.117328865684613E-17,1.4099832412739488E-17
0.7000942000101776,7.205347429817266E-17,1.576516694967722E-17
0.7041963000101917,7.560618797697317E-17,1.354472090042691E-17
0.7082984000102058,7.260858581048524E-17,1.6209256159527284E-17
0.7124005000102199,7.271960811294776E-17,1.5987211554602253E-17
0.716502600010234,7.005507285384738E-17,1.8873791418627663E-17
0.7206047000102481,6.872280522429719E-17,1.6431300764452316E-17
0.7247068000102622,7.782663402622347E-17,2.253752739989068E-17
0.7288089000102763,7.227551890309769E-17,2.586819647376615E-17
0.7329110000102904,6.716849298982197E-17,2.653433028854124E-17
0.7370131000103045,6.483702463810914E-17,2.586819647376615E-17
0.7411152000103186,7.37188088351104E-17,2.5757174171303633E-17
0.7452173000103327,6.927791673660977E-17,2.786659791809143E-17
0.7493194000103468,6.838973831690964E-17,2.453592884421596E-17
0.7534215000103609,7.338574192772285E-17,2.453592884421596E-17
0.757523600010375,6.572520305780926E-17,2.5424107263916086E-17
0.7616257000103891,7.283063041541027E-17,2.4424906541753444E-17
0.7657278000104032,6.80566714095221E-17,2.4868995751603507E-17
0.7698299000104173,7.427392034742298E-17,2.786659791809143E-17
0.7739320000104314,6.905587213168474E-17,2.964295475749168E-17
0.7780341000104455,7.51620987671231E-17,2.7755575615628914E-17
0.7821362000104596,6.827871601444713E-17,2.55351295663786E-17
0.7862383000104737,7.149836278586008E-17,2.3314683517128286E-17
0.7903404000104878,7.116529587847254E-17,2.653433028854124E-17
0.7944425000105019,7.271960811294776E-17,2.886579864025407E-17
0.798544600010516,7.538414337204813E-17,2.5424107263916086E-17
0.8026467000105301,6.927791673660977E-17,2.7977620220553945E-17
0.8067488000105442,7.37188088351104E-17,2.631228568361621E-17
0.8108509000105583,6.983302824892235E-17,2.7422508708241366E-17
0.8149530000105724,6.761258219967203E-17,2.4424906541753444E-17
0.8190551000105865,6.961098364399732E-17,2.6867397195928787E-17
0.8231572000106006,6.838973831690964E-17,2.5979218776228665E-17
0.8272593000106147,7.649436639667328E-17,2.7422508708241366E-17
0.8313614000106287,7.072120666862247E-17,2.4424906541753444E-17
0.8354635000106428,7.149836278586008E-17,2.5979218776228665E-17
0.8395656000106569,7.327471962526034E-17,2.5979218776228665E-17
0.843667700010671,7.283063041541027E-17,2.253752739989068E-17
0.8477698000106851,7.172040739078511E-17,2.5646151868841117E-17
0.8518719000106992,7.127631818093505E-17,2.6645352591003756E-17
0.8559740000107133,7.327471962526034E-17,2.55351295663786E-17
0.8600761000107274,7.061018436615996E-17,2.7644553313166398E-17
0.8641782000107415,6.872280522429719E-17,2.708944180085382E-17
0.8682803000107556,6.80566714095221E-17,2.398081733190338E-17
0.8723824000107697,7.127631818093505E-17,2.4424906541753444E-17
0.8764845000107838,6.827871601444713E-17,2.398081733190338E-17
0.8805866000107979,7.149836278586008E-17,2.731148640577885E-17
0.884688700010812,7.194245199571015E-17,2.5979218776228665E-17
0.8887908000108261,6.994405055138486E-17,2.4424906541753444E-17
0.8928929000108402,7.216449660063518E-17,2.6201263381153693E-17
0.8969950000108543,7.049916206369744E-17,2.5202062658991054E-17
0.9010971000108684,7.183142969324763E-17,2.4868995751603507E-17
0.9051992000108825,7.283063041541027E-17,2.8754776337791555E-17
0.9093013000108966,7.87148124459236E-17,2.6090241078691177E-17
0.9134034000109107,7.616129948928574E-17,2.831068712794149E-17
0.9175055000109248,7.605027718682323E-17,2.6756374893466272E-17
0.9216076000109389,7.638334409421076E-17,2.5202062658991054E-17
0.925709700010953,7.283063041541027E-17,2.4202861936828413E-17
0.9298118000109671,7.793765632868598E-17,2.6090241078691177E-17
0.9339139000109812,7.860379014346108E-17,2.4202861936828413E-17
0.9380160000109953,8.149037000748649E-17,2.5979218776228665E-17
0.9421181000110094,8.126832540256146E-17,2.3647750424515834E-17
0.9462202000110235,8.704148513061228E-17,2.4424906541753444E-17
0.9503223000110376,8.026912468039882E-17,2.398081733190338E-17
0.9544244000110517,8.093525849517391E-17,2.065014825802791E-17
0.9585265000110658,7.882583474838611E-17,2.3647750424515834E-17
0.9626286000110799,7.627232179174826E-17,2.509104035652854E-17
0.966730700011094,7.494005416219807E-17,2.509104035652854E-17
0.970832800011108,7.693845560652334E-17,2.3092638912203255E-17
0.9749349000111222,7.138734048339757E-17,2.2204460492503132E-17
0.9790370000111362,7.327471962526034E-17,2.1538326677728038E-17
0.9831391000111503,7.327471962526034E-17,2.5202062658991054E-17
0.9872412000111644,6.983302824892235E-17,2.298161660974074E-17
0.9913433000111785,7.860379014346108E-17,2.4424906541753444E-17
0.9954454000111926,7.105427357601002E-17,2.3536728122053318E-17
0.9995475000112067,7.105427357601002E-17,2.3314683517128286E-17
1.0036496000111221,7.416289804496046E-17,2.8199664825478977E-17
1.0077517000110252,7.893685705084863E-17,2.7533531010703882E-17
1.0118538000109283,7.627232179174826E-17,3.019806626980426E-17
1.0159559000108314,6.88338275267597E-17,2.8532731732866524E-17
1.0200580000107344,6.650235917504687E-17,2.786659791809143E-17
1.0241601000106375,7.260858581048524E-17,3.1974423109204506E-17
1.0282622000105406,6.838973831690964E-17,2.7977620220553945E-17
1.0323643000104437,7.760458942129844E-17,3.0864200084579355E-17
1.0364664000103467,7.638334409421076E-17,3.11972669919669E-17
1.0405685000102498,6.761258219967203E-17,3.0309088572266776E-17
1.0446706000101529,6.67244037799719E-17,3.064215547965432E-17
1.048772700010056,5.92303983637521E-17,3.047562202596055E-17
1.052874800009959,3.852473895449293E-17,3.1752378504279474E-17
1.056976900009862,4.235500838944972E-17,3.1474822748123185E-17
1.0610790000097652,3.8635761256955445E-17,3.0586644328423065E-17
1.0651811000096683,4.346523141407488E-17,3.191891195797325E-17
1.0692832000095713,3.769207168602407E-17,3.15858450505857E-17
1.0733853000094744,4.191091917959966E-17,3.1252778143198154E-17
1.0774874000093775,4.057865155004947E-17,3.1474822748123185E-17
1.0815895000092806,3.6970426720017715E-17,2.942091015256665E-17
1.0856916000091836,3.9690473130349345E-17,3.11972669919669E-17
1.0897937000090867,3.7247982476174004E-17,3.091971123581061E-17
1.0938958000089898,4.1022740759899534E-17,3.0586644328423065E-17
1.0979979000088929,3.785860513971784E-17,3.1474822748123185E-17
